http://sf.backpage.com/FemaleEscorts/can-i-entice-you-to-an-open-minded-blonde-treatkiss-ur-way-to-heaven-22/11311597	2014-04-03 02:54:49	2014-07-26 01:50:06
http://sf.backpage.com/FemaleEscorts/sugar-and-spice-let-me-pamper-u/7849399	2014-04-03 02:54:53	2014-07-26 01:50:07
http://sf.backpage.com/FemaleEscorts/making-your-andgtfantasys-a-reait-_-vrthing-ou-ned-andgt-23/15555797	2014-04-03 02:55:09	2014-07-26 01:50:10
http://sf.backpage.com/FemaleEscorts/two-o-t-ebony-sisters-2-for-1-specials-allday-22/14823350	2014-04-03 02:55:09	2014-07-26 01:50:10
http://sf.backpage.com/FemaleEscorts/outcall-only-silm-taiwanese-girl-mimi-call-mimi-to-415-738-2275-20/15635559	2014-04-03 02:55:09	2014-07-26 01:50:10
http://sf.backpage.com/FemaleEscorts/full-of-bubbly-energy-brains-beauty-top-shelf-entertainment-22/15635432	2014-04-03 02:55:09	2014-07-26 01:50:10
http://sf.backpage.com/FemaleEscorts/the-best-in-the-west-high-class-sexy-party-ladies-looking-for-a-wild-time-21/10484093	2014-04-03 02:55:09	2014-07-26 01:50:10
http://sf.backpage.com/FemaleEscorts/sweety-baby-asian-rachel-call-415-738-2314-21/15635196	2014-04-03 02:55:10	2014-07-26 01:50:10
http://sf.backpage.com/FemaleEscorts/california-girl-little-miss-sunshine-22/14758557	2014-04-03 02:55:10	2014-07-26 01:50:10
http://sf.backpage.com/FemaleEscorts/new-petite-brunette-vixen-sweet-candy-20/15631105	2014-04-03 02:55:10	2014-07-26 01:50:10
http://sf.backpage.com/FemaleEscorts/andlt3-exotic-petite-asain-geisha-ready-to-play-andlt3-22/15635111	2014-04-03 02:55:10	2014-07-26 01:50:10
http://sf.backpage.com/FemaleEscorts/call-415-738-2275-today-classy-singapore-fanny-friendly-21/15634998	2014-04-03 02:55:10	2014-07-26 01:50:10
http://sf.backpage.com/FemaleEscorts/new-in-town-sexy-blonde-sweet-and-country-bumpkin-incall-only-i-love-protein-20/15633820	2014-04-03 02:55:10	2014-07-26 01:50:10
http://sf.backpage.com/FemaleEscorts/perfect-hottie-totally-phenomenal-23/15634755	2014-04-03 02:55:10	2014-07-26 01:50:10
http://sf.backpage.com/FemaleEscorts/g_e_n_t_-l_e-_-m_e_n_s_andgt-andlt_c_h_o_i_-c_-e_-23/15634480	2014-04-03 02:55:10	2014-07-26 01:50:10
http://sf.backpage.com/FemaleEscorts/in-town-for-the-night-120-specials-19/15634169	2014-04-03 02:55:11	2014-07-26 01:50:10
http://sf.backpage.com/FemaleEscorts/petite-busty-blonde-w32ds-blonde-beach-bunny-24/7263098	2014-04-03 02:55:11	2014-07-26 01:50:10
http://sf.backpage.com/FemaleEscorts/sweet-nice-cute-sexy-mature-hot-mami-buck-37/14826042	2014-04-03 02:55:11	2014-07-26 01:50:10
http://sf.backpage.com/FemaleEscorts/sexy-tattooed-vixen-_-carmen-vos-_-outcall-26/9682111	2014-04-03 02:55:11	2014-07-26 01:50:10
http://sf.backpage.com/FemaleEscorts/well-reviewed-busty-blonde-pawg-25/15633257	2014-04-03 02:55:11	2014-07-26 01:50:10
http://sf.backpage.com/FemaleEscorts/im-beautiful-and-enthused-and-ready-to-deliver-happiness-34/15633045	2014-04-03 02:55:11	2014-07-26 01:50:10
http://sf.backpage.com/FemaleEscorts/5service_-upscale-punjabi-indian-amya-love_-outcall-available-only_-36dd_-call-now-21/11459284	2014-04-03 02:55:11	2014-07-26 01:50:10
http://sf.backpage.com/FemaleEscorts/right-2-your-doorstep-exotic-blonde-playmate-24/12547897	2014-04-03 02:55:11	2014-07-26 01:50:11
http://sf.backpage.com/FemaleEscorts/y_o_u_r-g_o_n_n_a-l_o_v_e_m_e-call-now-90-23/15639677	2014-04-03 02:55:12	2014-07-26 01:50:11
http://sf.backpage.com/FemaleEscorts/petite-busty-blonde-katrina-c-your-dream-girl-24/7093792	2014-04-03 02:55:13	2014-07-26 01:50:11
http://sf.backpage.com/FemaleEscorts/1000-me-stunning-brunette-beautiful-so-sexy-open-minded-24/15639212	2014-04-03 02:55:13	2014-07-26 01:50:11
http://sf.backpage.com/FemaleEscorts/blonde-upscale-incallexotic-me-or-free-22/13458875	2014-04-03 02:55:13	2014-07-26 01:50:11
http://sf.backpage.com/FemaleEscorts/out-calls-only-miss-nadia-100-real-no-games-no-drama-exotic-mixed-beauty-510342iil92-23/15638504	2014-04-03 02:55:13	2014-07-26 01:50:11
http://sf.backpage.com/FemaleEscorts/sexy-bombshellyou-have-been-missing-out-if-you-havent-seen-mecall-24/9478944	2014-04-03 02:55:13	2014-07-26 01:50:11
http://sf.backpage.com/FemaleEscorts/qualified-to-leave-u-satisfied-24/13279626	2014-04-03 02:55:13	2014-07-26 01:50:11
http://sf.backpage.com/FemaleEscorts/sexy-exotic-beauty-back-for-another-round-catch-me-while-you-can-22/15635820	2014-04-03 02:55:14	2014-07-26 01:50:11
http://sf.backpage.com/FemaleEscorts/call-415-738-2314-and-korean-friendly-novia-outcalls-only-22/15635610	2014-04-03 02:55:14	2014-07-26 01:50:11
http://sf.backpage.com/FemaleEscorts/100-new-new-gorgeous-exotic-knockout-brazilan-vsiting-26/11652350	2014-04-03 02:55:14	2014-07-26 01:50:11
http://sf.backpage.com/FemaleEscorts/look-here-not-her-and-not-her-yes-right-here-click-here-20/15642468	2014-04-03 02:55:14	2014-07-26 01:50:11
http://sf.backpage.com/FemaleEscorts/big-smile-ambitious-graceful-gal-amy-25/15201850	2014-04-03 02:55:14	2014-07-26 01:50:11
http://sf.backpage.com/FemaleEscorts/caution-satisfaction-is-my-best-quality-guaranteed-26/11812220	2014-04-03 02:55:14	2014-07-26 01:50:11
http://sf.backpage.com/FemaleEscorts/blonde-smokin-hot-union-sq-incall-vegas-dancer-22/15545830	2014-04-03 02:55:14	2014-07-26 01:50:11
http://sf.backpage.com/FemaleEscorts/amazing-seductive-playmate-23/15641032	2014-04-03 02:55:15	2014-07-26 01:50:11
http://sf.backpage.com/FemaleEscorts/full-of-bubbly-energy-brains-beauty-top-shelf-entertainment-22/15635454	2014-04-03 02:55:15	2014-07-26 01:50:11
http://sf.backpage.com/FemaleEscorts/outcalls-only-call-415-738-2314-korean-friendly-novia-22/15640614	2014-04-03 02:55:15	2014-07-26 01:50:11
http://sf.backpage.com/FemaleEscorts/down-and-dirty-with-a-crimson-beauty-incall-palo-alto-36/15640555	2014-04-03 02:55:15	2014-07-26 01:50:11
http://sf.backpage.com/FemaleEscorts/last-day-in-sf-green-eyed-brunette-bombshell-me-or-its-free-21/14767025	2014-04-03 02:55:15	2014-07-26 01:50:11
http://sf.backpage.com/FemaleEscorts/all-night-dealsspecials-what-ever-you-like-party-19/6891794	2014-04-03 02:55:15	2014-07-26 01:50:11
http://sf.backpage.com/FemaleEscorts/not-quite-ready-to-end-your-day-34/15640387	2014-04-03 02:55:15	2014-07-26 01:50:11
http://sf.backpage.com/FemaleEscorts/outcall-only-sexy-korean-girl-rachel-415-738-2314-21/15640329	2014-04-03 02:55:15	2014-07-26 01:50:11
http://sf.backpage.com/FemaleEscorts/sensual-_-alluring-_-asian-_-seduction_-san-francisco-27/6490827	2014-04-03 02:55:16	2014-07-26 01:50:11
http://sf.backpage.com/FemaleEscorts/no-regrets-stunning-beautiful-so-sexy-22/15501273	2014-04-03 02:55:16	2014-07-26 01:50:11
http://sf.backpage.com/FemaleEscorts/exotic-n-erotic-estacy-fantastic-body-and-amazing-22/15617091	2014-04-03 02:55:16	2014-07-26 01:50:11
http://sf.backpage.com/FemaleEscorts/sweet-and-sassy-22/15617046	2014-04-03 02:55:16	2014-07-26 01:50:11
http://sf.backpage.com/FemaleEscorts/classy-singapore-sexy-fanny-friendly-call-415-738-2275-today-21/15640099	2014-04-03 02:55:16	2014-07-26 01:50:11
http://sf.backpage.com/FemaleEscorts/sexy-new-playmate-gorgeous-petite-body-classy-and-sassy-100real-21/15634964	2014-04-03 02:55:16	2014-07-26 01:50:11
http://sf.backpage.com/FemaleEscorts/one-click-away-from-an-experience-of-a-life-time-your-blonde-asian-delight-22/15642438	2014-04-03 02:55:16	2014-07-26 01:50:12
http://sf.backpage.com/FemaleEscorts/early-bird-gets-the-worm-sexy-busty-elite-read-onfremont-incall-35/15470200	2014-04-03 02:55:16	2014-07-26 01:50:12
http://sf.backpage.com/FemaleEscorts/super-sexy-and-so-much-fun-all-american-blonde-and-beautiful-outcall-only-30/9920951	2014-04-03 02:55:16	2014-07-26 01:50:11
http://sf.backpage.com/FemaleEscorts/sexy-treat-nina-925-848-9588-afordable-and-adorable-23/3841735	2014-04-03 02:55:16	2014-07-26 01:50:12
http://sf.backpage.com/FemaleEscorts/spanish-hot-sexy-new-girl-21/9261508	2014-04-03 02:55:16	2014-07-26 01:50:12
http://sf.backpage.com/FemaleEscorts/open-personal-playtime-assistant-sf-and-world-wide-for-discerning-gentlemen-26/15633174	2014-04-03 02:55:17	2014-07-26 01:50:12
http://sf.backpage.com/FemaleEscorts/upscale-authentic-bohemian-companion-for-the-affluent-gentleman-23/15643458	2014-04-03 02:56:08	2014-07-26 01:50:21
http://sf.backpage.com/FemaleEscorts/new-sexy-blonde-sweet-and-country-bumpkin-incall-only-20/15643441	2014-04-03 02:56:09	2014-07-26 01:50:21
http://sf.backpage.com/FemaleEscorts/new-in-town-sexy-blonde-sweet-and-country-bumpkin-incall-only-i-love-protein-20/15643598	2014-04-03 03:03:04	2014-07-26 01:50:30
http://sf.backpage.com/FemaleEscorts/sinful-curves-will-b-the-objects-of-your-desire-23/12608683	2014-04-03 03:06:03	2014-07-26 01:50:54
http://sf.backpage.com/FemaleEscorts/seductive-mixed-mami-ready-and-willing-22/15631580	2014-04-03 03:12:19	2014-07-26 01:51:42
http://sf.backpage.com/FemaleEscorts/start-your-day-out-right-let-me-be-the-one-to-keep-you-warm-_-25/12897309	2014-04-03 03:12:27	2014-07-26 01:51:44
http://sf.backpage.com/FemaleEscorts/hottie-ready-to-play-24/15631708	2014-04-03 03:12:34	2014-07-26 01:51:45
http://sf.backpage.com/FemaleEscorts/t-heu-l-t-i-m-a-t-e-e-x-p-e-r-i-e-n-c-e-outcall-now-22/15189757	2014-04-03 03:14:51	2014-07-26 01:51:52
http://sf.backpage.com/FemaleEscorts/andhearts-andhearts-im-ready-to-rock-you-baby-hotel-friendly-andhearts-andhearts-24/15644476	2014-04-03 03:14:54	2014-07-26 01:51:53
http://sf.backpage.com/FemaleEscorts/bright-smile-with-a-gorgeous-face-and-perfect-tiny-body-20/14537206	2014-04-03 03:15:01	2014-07-26 01:51:55
http://sf.backpage.com/FemaleEscorts/outcall-415-738-2275-new-girl-classy-and-friendly-singapore-sexy-fanny-21/15631391	2014-04-03 03:20:30	2014-07-26 01:52:24
http://sf.backpage.com/FemaleEscorts/tall-tan-curvy-bootylicious-bustydrop-dead-gorgeous-european-barbie-21/15344914	2014-04-03 03:20:30	2014-07-26 01:52:24
http://sf.backpage.com/FemaleEscorts/undeniably-effective-in-everyway-just-what-you-need-sweety-outcall-specials-22/13450746	2014-04-03 03:21:09	2014-07-26 01:52:33
http://sf.backpage.com/FemaleEscorts/the-girl-with-the-great-legs-totally-amazing-outcalls-23/15597401	2014-04-03 03:23:58	2014-07-26 01:52:48
http://sf.backpage.com/FemaleEscorts/sf-asian-escorts-outcalls-only-415-738-2314-21/10311281	2014-04-03 03:23:58	2014-07-26 01:52:48
http://sf.backpage.com/FemaleEscorts/n3w-exotic-mix-a-knock-out-visiting-22/15602905	2014-04-03 03:23:58	2014-07-26 01:52:48
http://sf.backpage.com/FemaleEscorts/grand-opening-san-francisco-escort-sf-asian-escort-415987-1261-21/14756781	2014-04-03 03:23:59	2014-07-26 01:52:48
http://sf.backpage.com/FemaleEscorts/tiny-fun-51-104lbs-34b-natural-stellar-blonde-23/15581193	2014-04-03 03:23:59	2014-07-26 01:52:48
http://sf.backpage.com/FemaleEscorts/tall-busty-blonde-21/8579027	2014-04-03 03:23:59	2014-07-26 01:52:48
http://sf.backpage.com/FemaleEscorts/call-415-683-3245-asian-escort-san-francisco-outcalls-only-21/10311307	2014-04-03 03:23:59	2014-07-26 01:52:48
http://sf.backpage.com/FemaleEscorts/hot-and-sexy-independent-only-a-phone-call-away-dont-miss-out-22/12548087	2014-04-03 03:23:59	2014-07-26 01:52:48
http://sf.backpage.com/FemaleEscorts/sexy-middle-eastern-bueaty-21/15563951	2014-04-03 03:23:59	2014-07-26 01:52:48
http://sf.backpage.com/FemaleEscorts/the-best-true-definition-of-sexy-classy-upscale-brazilian-visiting-26/12138730	2014-04-03 03:23:59	2014-07-26 01:52:48
http://sf.backpage.com/FemaleEscorts/call-415-738-2275-new-top-model-san-francisco-outcall-only-21/10311389	2014-04-03 03:24:00	2014-07-26 01:52:49
http://sf.backpage.com/FemaleEscorts/call-for-a-fantasstic-time-with-paige-32/11326911	2014-04-03 03:24:00	2014-07-26 01:52:49
http://sf.backpage.com/FemaleEscorts/call-415-738-2305-sf-asian-escort-sunshine-girl-call-us-now-22/10311400	2014-04-03 03:24:00	2014-07-26 01:52:49
http://sf.backpage.com/FemaleEscorts/sexy-refined-girl-next-door-i-keep-it-secret/15608250	2014-04-03 03:24:00	2014-07-26 01:52:49
http://sf.backpage.com/FemaleEscorts/gentlemens-choice-young-sexy-petite-blonde-call-now-22/15615122	2014-04-03 03:24:00	2014-07-26 01:52:49
http://sf.backpage.com/FemaleEscorts/sexy-latina-visiting-a-tigress-behind-closed-doors-22/15332272	2014-04-03 03:24:00	2014-07-26 01:52:49
http://sf.backpage.com/FemaleEscorts/sexy-asian-415-830-2677-21/10063601	2014-04-03 03:24:00	2014-07-26 01:52:49
http://sf.backpage.com/FemaleEscorts/best-sexy-hot-asian-girl-outcall-415-404-6156-22/15539449	2014-04-03 03:24:01	2014-07-26 01:52:49
http://sf.backpage.com/FemaleEscorts/ashley-star-one-of-a-kind-outcall-specials-22/15556985	2014-04-03 03:24:01	2014-07-26 01:52:49
http://sf.backpage.com/FemaleEscorts/classy-sexy-intelligent-beauty-upscale-professional-men-only-38/8462717	2014-04-03 03:24:01	2014-07-26 01:52:49
http://sf.backpage.com/FemaleEscorts/super-sweet-and-friendly-asian-sandy-23/14460675	2014-04-03 03:24:01	2014-07-26 01:52:49
http://sf.backpage.com/FemaleEscorts/looking-for-something-real-laura-palmer-here-u-get-what-u-see-28/9490714	2014-04-03 03:24:01	2014-07-26 01:52:49
http://sf.backpage.com/FemaleEscorts/super-sweet-hottie-college-educated-one-of-a-kind-22/15579568	2014-04-03 03:24:01	2014-07-26 01:52:49
http://sf.backpage.com/FemaleEscorts/toys_-relax-w-milf-mature-sexy-party-_-milf-mature-37/11396628	2014-04-03 03:24:02	2014-07-26 01:52:49
http://sf.backpage.com/FemaleEscorts/simply-irresistible-mixed-beautyready-to-please-you-22/15615858	2014-04-03 03:24:02	2014-07-26 01:52:49
http://sf.backpage.com/FemaleEscorts/ready-for-some-summertime-fun-lets-play-slip-and-slide-23/13961419	2014-04-03 03:24:02	2014-07-26 01:52:49
http://sf.backpage.com/FemaleEscorts/i-wont-stop-till-you-with-pleasure-call-me-now-24/10271702	2014-04-03 03:24:02	2014-07-26 01:52:49
http://sf.backpage.com/FemaleEscorts/let-me-overload-you-with-all-of-my-erotic-moves-23/11747721	2014-04-03 03:24:02	2014-07-26 01:52:49
http://sf.backpage.com/FemaleEscorts/fun-size-slim-super-cute-college-babe-going-back-to-school-23/15397276	2014-04-03 03:24:02	2014-07-26 01:52:49
http://sf.backpage.com/FemaleEscorts/sexy-petite-andgtandgtandgtandgtandgtandgtandgt-blonde-bombshell-andltandltandltandltandltandltandlt-ready-for-fun-23/15469294	2014-04-03 03:24:02	2014-07-26 01:52:49
http://sf.backpage.com/FemaleEscorts/exotic-playmate-ready-to-play-23/15552328	2014-04-03 03:24:03	2014-07-26 01:52:49
http://sf.backpage.com/FemaleEscorts/sexy-asian-kay-wants-to-see-you-26/14445996	2014-04-03 03:24:03	2014-07-26 01:52:49
http://sf.backpage.com/FemaleEscorts/a-body-of-sin-slender-curvy-ready-to-give-you-the-best-erotic-x-perience-23/11520730	2014-04-03 03:24:03	2014-07-26 01:52:49
http://sf.backpage.com/FemaleEscorts/isabel-brand-new-to-bay-area-25/15144599	2014-04-03 03:24:03	2014-07-26 01:52:49
http://sf.backpage.com/FemaleEscorts/everything-u-need-is-right-here-get-what-u-need-relax-and-be-happy-24/9485321	2014-04-03 03:24:03	2014-07-26 01:52:49
http://sf.backpage.com/FemaleEscorts/100hhr-nw-hon-dip-petite_waist-bab-1oo-real-22/15612491	2014-04-03 03:24:04	2014-07-26 01:52:49
http://sf.backpage.com/FemaleEscorts/visiting-rare-beauty-available-now-luxury-upscale-gorgeous-goddess-21/11837041	2014-04-03 03:24:04	2014-07-26 01:52:50
http://sf.backpage.com/FemaleEscorts/gentlemens-choice-skilled-brunette-call-now-compassionate-sweet-exotic-21/15586148	2014-04-03 03:24:04	2014-07-26 01:52:50
http://sf.backpage.com/FemaleEscorts/the-perfect-choice-sexy-new-playmate-24/15584493	2014-04-03 03:24:04	2014-07-26 01:52:50
http://sf.backpage.com/FemaleEscorts/seductive-hott-brunette-knockout-sexy-23/11458328	2014-04-03 03:24:04	2014-07-26 01:52:50
http://sf.backpage.com/FemaleEscorts/x-dazzling-x-blonde-x-knockout-limited-time-only-24/14317281	2014-04-03 03:24:04	2014-07-26 01:52:50
http://sf.backpage.com/FemaleEscorts/new-photos-best-thing-comes-in-small-packages-asian-22/11591067	2014-04-03 03:24:05	2014-07-26 01:52:50
http://sf.backpage.com/FemaleEscorts/explosive-aqua-works-dive-n-feel-rain-stop-lookin-u-found-me-24/15574480	2014-04-03 03:24:05	2014-07-26 01:52:50
http://sf.backpage.com/FemaleEscorts/doll-face-w-curves-upscale-outcalls-only-san-francisco-ca-21/15374466	2014-04-03 03:24:05	2014-07-26 01:52:50
http://sf.backpage.com/FemaleEscorts/cater-to-ur-every-whimtalk-dirty-to-me-u-will-love-the-results-23/11638973	2014-04-03 03:24:05	2014-07-26 01:52:50
http://sf.backpage.com/FemaleEscorts/looku-n-r-u-s-h-e-d-exotc-eboni-super-kinky-20/15616616	2014-04-03 03:24:05	2014-07-26 01:52:50
http://sf.backpage.com/FemaleEscorts/sexy-exotic-green-eyed-bombshell-real-pictures-lets-play-avali-247-im-alot-of-fun-20/15616790	2014-04-03 03:24:05	2014-07-26 01:52:50
http://sf.backpage.com/FemaleEscorts/fun-sexy-and-very-liberal-new-in-town-and-ready-to-make-new-friends-24/7352132	2014-04-03 03:24:06	2014-07-26 01:52:50
http://sf.backpage.com/FemaleEscorts/beautiful-cuban-bombshell-w-amazing-skills-19/15557834	2014-04-03 03:24:06	2014-07-26 01:52:50
http://sf.backpage.com/FemaleEscorts/fillipino-goddess-nikkioutcalls-to-hotels-only-23/14912173	2014-04-03 03:24:06	2014-07-26 01:52:50
http://sf.backpage.com/FemaleEscorts/let-have-some-fun-tonight-call-me-at-415-404-6145-chinese-girl-joy-22/15105178	2014-04-03 03:24:06	2014-07-26 01:52:50
http://sf.backpage.com/FemaleEscorts/8oo-jw-clnchng-andgtt-curlng-andgt-pn-tnglng-pchl-xprnc-o-22/14251469	2014-04-03 03:24:06	2014-07-26 01:52:50
http://sf.backpage.com/FemaleEscorts/killr-curvesnic-bbscu-fcspankab-ss-19/14497569	2014-04-03 03:24:06	2014-07-26 01:52:50
http://sf.backpage.com/FemaleEscorts/served-hott-and-ready-just-the-way-you-like-it-when-you-want-it-call-me-24/10888634	2014-04-03 03:24:06	2014-07-26 01:52:50
http://sf.backpage.com/FemaleEscorts/call-415-738-2314-outcalls-only-korean-sexy-body-novia-22/15617922	2014-04-03 03:24:07	2014-07-26 01:52:50
http://sf.backpage.com/FemaleEscorts/let-me-get-you-to-that-happy-placenew-fun-sexy-22/15612714	2014-04-03 03:24:07	2014-07-26 01:52:50
http://sf.backpage.com/FemaleEscorts/amazing-body-sexy-hottie-real-photos-21/10872599	2014-04-03 03:24:07	2014-07-26 01:52:50
http://sf.backpage.com/FemaleEscorts/x-x-barbie-ld-d-t-i-o-23/15613057	2014-04-03 03:24:07	2014-07-26 01:52:50
http://sf.backpage.com/FemaleEscorts/outcall-415-738-2275-new-girl-classy-and-friendly-singapore-sexy-fanny-21/15617344	2014-04-03 03:24:07	2014-07-26 01:52:50
http://sf.backpage.com/FemaleEscorts/master-the-art-of-living-22/15469535	2014-04-03 03:24:07	2014-07-26 01:52:50
http://sf.backpage.com/FemaleEscorts/s-o-c-c-e-r-m-o-m-beautiful-and-passonate-woman-415-525-1829-37/6958833	2014-04-03 03:24:08	2014-07-26 01:52:51
http://sf.backpage.com/FemaleEscorts/exotic-asian-mixed-beauty-23/15617081	2014-04-03 03:24:08	2014-07-26 01:52:51
http://sf.backpage.com/FemaleEscorts/smoking-hot-puerto-rican-mami-24/13526757	2014-04-03 03:24:08	2014-07-26 01:52:51
http://sf.backpage.com/FemaleEscorts/petite-blonde-exotic-latina-real-girl-and-real-pictures-specials-tonight-24/15616975	2014-04-03 03:24:09	2014-07-26 01:52:51
http://sf.backpage.com/FemaleEscorts/intimate-hot-and-sweet-asian-girl-outcall-27/14540975	2014-04-03 03:24:09	2014-07-26 01:52:51
http://sf.backpage.com/FemaleEscorts/new-in-towneverything-is-an-option-when-were-together-22/15001141	2014-04-03 03:24:09	2014-07-26 01:52:51
http://sf.backpage.com/FemaleEscorts/sexy-hott-sk-i-l-l-e-d-and-e-x-t-r-e-m-e-l-y-a-d-d-i-c-t-i-v-e-24/12292481	2014-04-03 03:24:09	2014-07-26 01:52:51
http://sf.backpage.com/FemaleEscorts/sexy-blonde-ready-to-please-your-needs-24/8194208	2014-04-03 03:24:09	2014-07-26 01:52:51
http://sf.backpage.com/FemaleEscorts/eroticenergetic-absolutely-asian-wonders-real-photos-28/15589211	2014-04-03 03:24:10	2014-07-26 01:52:51
http://sf.backpage.com/FemaleEscorts/newly-divorced-and-ready-to-sow-my-wild-oats-33/12638039	2014-04-03 03:24:10	2014-07-26 01:52:51
http://sf.backpage.com/FemaleEscorts/petite-blonde-exotic-latina-real-girl-and-real-pictures-specials-24/15615526	2014-04-03 03:24:10	2014-07-26 01:52:51
http://sf.backpage.com/FemaleEscorts/miss-sexy-jenna-ready-when-you-are-call-me-22/13975365	2014-04-03 03:24:10	2014-07-26 01:52:51
http://sf.backpage.com/FemaleEscorts/sexy-blonde-girl-next-door-miss-emily-80qq-120hh-200hr-specials-23/15279612	2014-04-03 03:24:10	2014-07-26 01:52:51
http://sf.backpage.com/FemaleEscorts/im-back-knky-ll-grl-next-door-reviewed-19/15584851	2014-04-03 03:24:10	2014-07-26 01:52:51
http://sf.backpage.com/FemaleEscorts/caution-contains-hot-product-hot-ebony-real-photos-23/15598419	2014-04-03 03:24:10	2014-07-26 01:52:51
http://sf.backpage.com/FemaleEscorts/exotic-mixed-freak-21/10715038	2014-04-03 03:24:10	2014-07-26 01:52:51
http://sf.backpage.com/FemaleEscorts/new-in-town-young-hot-freak-21/15491058	2014-04-03 03:24:11	2014-07-26 01:52:51
http://sf.backpage.com/FemaleEscorts/sexxy-erotic-latina-c-a-l-l-n-o-w-23/12184171	2014-04-03 03:24:11	2014-07-26 01:52:51
http://sf.backpage.com/FemaleEscorts/new-in-town-petite-exotic-latina-real-pictures-i-dont-bite-unless-you-want-me-to-24/15613980	2014-04-03 03:24:11	2014-07-26 01:52:51
http://sf.backpage.com/FemaleEscorts/can-you-play-real-genuine-independent-22/13980471	2014-04-03 03:24:11	2014-07-26 01:52:51
http://sf.backpage.com/FemaleEscorts/super-sexy-party-girl-24/15357656	2014-04-03 03:24:11	2014-07-26 01:52:51
http://sf.backpage.com/FemaleEscorts/all-naturalno-bait-and-switch-i-do-what-most-dont-23/11538696	2014-04-03 03:24:11	2014-07-26 01:52:51
http://sf.backpage.com/FemaleEscorts/smoking-hot-specials-special-treatment-23/11843763	2014-04-03 03:24:11	2014-07-26 01:52:51
http://sf.backpage.com/FemaleEscorts/y-o-u-rb-i-g-b-o-o-t-y-f-r-e-a-k-22/13527323	2014-04-03 03:24:12	2014-07-26 01:52:52
http://sf.backpage.com/FemaleEscorts/outcalls-only-call-415-738-2314-korean-friendly-novia-22/15612985	2014-04-03 03:24:12	2014-07-26 01:52:52
http://sf.backpage.com/FemaleEscorts/b-e-a-u-t-i-f-u-l-l-ati-na_-22/15521979	2014-04-03 03:24:12	2014-07-26 01:52:52
http://sf.backpage.com/FemaleEscorts/sexxy-classy-sophisticated-treat-for-you-22/15501349	2014-04-03 03:24:12	2014-07-26 01:52:52
http://sf.backpage.com/FemaleEscorts/black-and-asian-y0ur-ex0tic-ultmate-desre-20/15611824	2014-04-03 03:24:12	2014-07-26 01:52:52
http://sf.backpage.com/FemaleEscorts/hot-soccer-mom-sexy-beautiful-skin-415-525-1829-37/7400934	2014-04-03 03:24:12	2014-07-26 01:52:52
http://sf.backpage.com/FemaleEscorts/tiffanie-sexy-n-sweet-midwest-treat-26/14214532	2014-04-03 03:24:13	2014-07-26 01:52:52
http://sf.backpage.com/FemaleEscorts/portugese-and-italian-brunette-outcalls-23/10322951	2014-04-03 03:24:13	2014-07-26 01:52:52
http://sf.backpage.com/FemaleEscorts/1-fun-and-firty-small-town-girl-new-in-town-23/15543587	2014-04-03 03:24:13	2014-07-26 01:52:52
http://sf.backpage.com/FemaleEscorts/exclusive-busty-ebony-playmate-27/7356642	2014-04-03 03:24:13	2014-07-26 01:52:52
http://sf.backpage.com/FemaleEscorts/specials-s-w-e-e-t-and-c-h-a-r-m-i-n-g-visiting-now-outcalls-24/15436704	2014-04-03 03:24:13	2014-07-26 01:52:52
http://sf.backpage.com/FemaleEscorts/8o-outcalls-outcalls-available-now-8o-22/13366242	2014-04-03 03:24:14	2014-07-26 01:52:52
http://sf.backpage.com/FemaleEscorts/flexible-and-incredibly-sexy-you-wont-be-able-to-resist-any-bit-of-me-24/11318991	2014-04-03 03:24:14	2014-07-26 01:52:52
http://sf.backpage.com/FemaleEscorts/husband-and-kids-r-away-i-would-love-to-playbored-give-me-something-2-do-35/15561611	2014-04-03 03:24:14	2014-07-26 01:52:52
http://sf.backpage.com/FemaleEscorts/everything-you-need-24/14712035	2014-04-03 03:24:14	2014-07-26 01:52:52
http://sf.backpage.com/FemaleEscorts/your-perfect-choice-breathtaking-blonde-23/12715003	2014-04-03 03:24:14	2014-07-26 01:52:52
http://sf.backpage.com/FemaleEscorts/healing-your-loneliness-tonight-with-fantastic-asian-girloutcall-23/14574434	2014-04-03 03:24:14	2014-07-26 01:52:52
http://sf.backpage.com/FemaleEscorts/outcall-only-sexy-korean-girl-rachel-415-738-2314-21/15612670	2014-04-03 03:24:14	2014-07-26 01:52:52
http://sf.backpage.com/FemaleEscorts/adventurous-in-every-single-way-pleasure-is-the-1-priority-on-my-mind-22/11413757	2014-04-03 03:24:15	2014-07-26 01:52:52
http://sf.backpage.com/FemaleEscorts/sductiv-sxy-1real-availabl-now-22/13916351	2014-04-03 03:24:15	2014-07-26 01:52:52
http://sf.backpage.com/FemaleEscorts/classy-singapore-sexy-fanny-friendly-call-415-738-2275-today-21/15612476	2014-04-03 03:24:15	2014-07-26 01:52:52
http://sf.backpage.com/FemaleEscorts/pureburnette-beautyms-hot-and-exotic-22/15501172	2014-04-03 03:24:15	2014-07-26 01:52:52
http://sf.backpage.com/FemaleEscorts/new-in-town-petite-and-sweet-blonde-exotic-latina-real-and-recent-pictures-specials-now-24/15612349	2014-04-03 03:24:15	2014-07-26 01:52:52
http://sf.backpage.com/FemaleEscorts/sweet-as-heaven-naughtee-as-h3ll-specials-24/15602893	2014-04-03 03:24:15	2014-07-26 01:52:53
http://sf.backpage.com/FemaleEscorts/2-girl-shows-tender-and-wild-choose-sexy-asian-or-italian-blonde-beauty-both-25/14279703	2014-04-03 03:24:16	2014-07-26 01:52:53
http://sf.backpage.com/FemaleEscorts/my-touch-is-amazing-fullbody-therapy-avail-late-by-busty-beauty-23/10731646	2014-04-03 03:24:16	2014-07-26 01:52:53
http://sf.backpage.com/FemaleEscorts/petite-and-caucasian-1-877-738-4830-30/12068738	2014-04-03 03:24:16	2014-07-26 01:52:53
http://sf.backpage.com/FemaleEscorts/attractive-sexy-fit-extremely-gifted-25/15538085	2014-04-03 03:24:16	2014-07-26 01:52:53
http://sf.backpage.com/FemaleEscorts/come-and-experience-seduction-at-its-best-your-erotic-paradise-awaits-24/9963929	2014-04-03 03:24:17	2014-07-26 01:52:53
http://sf.backpage.com/FemaleEscorts/whenever-however-whatever-im-ready-for-you-21/13684565	2014-04-03 03:24:17	2014-07-26 01:52:53
http://sf.backpage.com/FemaleEscorts/100-sexy-beautiful-milf-for-your-pleasure3-30/14015234	2014-04-03 03:24:17	2014-07-26 01:52:53
http://sf.backpage.com/FemaleEscorts/36es-busty-and-slim-kinky-_-and_-everything-nice-ten-ten-ten-21/11835316	2014-04-03 03:24:17	2014-07-26 01:52:53
http://sf.backpage.com/FemaleEscorts/new-in-town-petite-and-sweet-blonde-exotic-latina-real-pictures-specials-now-24/15610506	2014-04-03 03:24:17	2014-07-26 01:52:53
http://sf.backpage.com/FemaleEscorts/new-babe-on-town-call-for-a-good-time-4153775722-23/15610301	2014-04-03 03:24:17	2014-07-26 01:52:53
http://sf.backpage.com/FemaleEscorts/different-type-of-asian-27/15610205	2014-04-03 03:24:17	2014-07-26 01:52:53
http://sf.backpage.com/FemaleEscorts/outcall-only-sweet-seductive-platinum-playmate-23/15567018	2014-04-03 03:24:18	2014-07-26 01:52:53
http://sf.backpage.com/FemaleEscorts/limited-time-only-new-available-now-100-real-pics-25/14936632	2014-04-03 03:24:18	2014-07-26 01:52:53
http://sf.backpage.com/FemaleEscorts/new-in-town-petite-exotic-latina-real-and-recent-pictures-i-dont-bite-unless-you-want-me-to-24/15609523	2014-04-03 03:24:18	2014-07-26 01:52:53
http://sf.backpage.com/FemaleEscorts/investment-banker-a-go-go-36d-26-48-phat-booty-blonde-has-the-stocks-39/12390202	2014-04-03 03:24:18	2014-07-26 01:52:53
http://sf.backpage.com/FemaleEscorts/back-in-fremont-tropical-busty-juliana-cmt-prostate-massage-and-more-incalls-24hrs-82-415-895-0892-36/2550328	2014-04-03 03:24:18	2014-07-26 01:52:53
http://sf.backpage.com/FemaleEscorts/i-am-not-shy-to-try-new-things-come-play-with-a-wild-fun-adventurous-playmate-24/11103555	2014-04-03 03:24:18	2014-07-26 01:52:53
http://sf.backpage.com/FemaleEscorts/a-hot-time-will-be-had-outcalls-in-sf-25/9626933	2014-04-03 03:24:18	2014-07-26 01:52:53
http://sf.backpage.com/FemaleEscorts/702-672-3115-im-still-n-san-fran-come-enjoy-the-real-deal-while-im-here-23/15121129	2014-04-03 03:24:18	2014-07-26 01:52:53
http://sf.backpage.com/FemaleEscorts/sweet-italian-darling-24/15436595	2014-04-03 03:24:19	2014-07-26 01:52:53
http://sf.backpage.com/FemaleEscorts/call-415-738-2314-and-korean-friendly-novia-outcalls-only-22/15608312	2014-04-03 03:24:19	2014-07-26 01:52:53
http://sf.backpage.com/FemaleEscorts/summers-coming-and-i-am-ready-to-heat-things-up-college-girl-next-door-23/10272273	2014-04-03 03:24:19	2014-07-26 01:52:53
http://sf.backpage.com/FemaleEscorts/charming-sweet-sensation-22/15608265	2014-04-03 03:24:19	2014-07-26 01:52:53
http://sf.backpage.com/FemaleEscorts/stunning-peruvian-beauty-22/15331843	2014-04-03 03:24:19	2014-07-26 01:52:53
http://sf.backpage.com/FemaleEscorts/outcall-only-andgtandgtandgtandgt-silm-taiwanese-girl-mimi-call-mimi-to-415-738-2275-20/15608153	2014-04-03 03:24:19	2014-07-26 01:52:53
http://sf.backpage.com/FemaleEscorts/100-real-new-new-hot-hot-new-new-100-real-21/13262566	2014-04-03 03:24:19	2014-07-26 01:52:53
http://sf.backpage.com/FemaleEscorts/sweety-baby-asian-rachel-call-415-738-2314-21/15607999	2014-04-03 03:24:19	2014-07-26 01:52:54
http://sf.backpage.com/FemaleEscorts/extreme-entertainment-exotiq-elite-socialite-18/9072706	2014-04-03 03:24:20	2014-07-26 01:52:54
http://sf.backpage.com/FemaleEscorts/busty-exotic-ebony-italia-mix-100-real-me-21/15607921	2014-04-03 03:24:20	2014-07-26 01:52:54
http://sf.backpage.com/FemaleEscorts/fivestar-asian-princess-real-pics-20/15420307	2014-04-03 03:24:20	2014-07-26 01:52:54
http://sf.backpage.com/FemaleEscorts/sensual-and-exotic-puerto-rican-mixed-sweetheart-available-for-outcall-only-one-of-a-kind-21/12981054	2014-04-03 03:24:20	2014-07-26 01:52:54
http://sf.backpage.com/FemaleEscorts/sexy-green-eyes-tempting-attention-beautiful-classy-thick-bombshell-latina-mix-24/14285941	2014-04-03 03:24:20	2014-07-26 01:52:54
http://sf.backpage.com/FemaleEscorts/call-415-738-2275-today-classy-singapore-fanny-friendly-21/15607740	2014-04-03 03:24:20	2014-07-26 01:52:54
http://sf.backpage.com/FemaleEscorts/playful-independent-real-outcall-and-incall-22/13368193	2014-04-03 03:24:20	2014-07-26 01:52:54
http://sf.backpage.com/FemaleEscorts/5-str-srvice-yu-will-lve-my-skills-mesmerizing-blonde-babe-21/14698852	2014-04-03 03:24:20	2014-07-26 01:52:54
http://sf.backpage.com/FemaleEscorts/s-u-p-e-r-_-s-e-x-y_-_-p-e-t-i-t-e-_-_-k-i-n-k-y_-_e-b-o-n-y_-21/13152027	2014-04-03 03:24:21	2014-07-26 01:52:54
http://sf.backpage.com/FemaleEscorts/new-to-town-come-and-play-23/15607009	2014-04-03 03:24:21	2014-07-26 01:52:54
http://sf.backpage.com/FemaleEscorts/italian-blonde-kitten-make-me-purr-baby-come-play-and-pounce-with-me-21/15555824	2014-04-03 03:24:21	2014-07-26 01:52:54
http://sf.backpage.com/FemaleEscorts/upscale-unrushed-one-of-a-kind-sinfully-sweet-21/12803606	2014-04-03 03:24:22	2014-07-26 01:52:54
http://sf.backpage.com/FemaleEscorts/incall-special-tonight-sexy-sophisticated-beautyclassy-and-playful-31/7215205	2014-04-03 03:24:22	2014-07-26 01:52:54
http://sf.backpage.com/FemaleEscorts/t_h_e-_f_u_n_-s_t_a_r_t-s-h_e_r_e-xoxo-niya-23/15485778	2014-04-03 03:24:22	2014-07-26 01:52:54
http://sf.backpage.com/FemaleEscorts/y-o-u-r-1-c-h-o-i-ce-s-t-o-p-and-t-a-k-e-alo-o-k-treat-yourself-23/15520770	2014-04-03 03:24:22	2014-07-26 01:52:54
http://sf.backpage.com/FemaleEscorts/filipina-bombshell-415-685-1382-doing-specials-21/15581227	2014-04-03 03:24:22	2014-07-26 01:52:54
http://sf.backpage.com/FemaleEscorts/brazilian-hottie-new-2-town-100-specials-22/12697410	2014-04-03 03:24:22	2014-07-26 01:52:54
http://sf.backpage.com/FemaleEscorts/call-415-738-2314-outcalls-only-korean-sexy-body-novia-22/15599353	2014-04-03 03:24:23	2014-07-26 01:52:55
http://sf.backpage.com/FemaleEscorts/the-perfect-treat-delicious-blonde-goddess-20/14593116	2014-04-03 03:24:23	2014-07-26 01:52:55
http://sf.backpage.com/FemaleEscorts/exquisite-beauty-gentlemans-taste-rare-oppertunity-specials-sexy-exotic-21/15351885	2014-04-03 03:24:23	2014-07-26 01:52:55
http://sf.backpage.com/FemaleEscorts/celebrate-with-meee-stunning-hottie-22/14731923	2014-04-03 03:24:23	2014-07-26 01:52:55
http://sf.backpage.com/FemaleEscorts/killer-curves-5-service-hands-down-the-very-best-21/15597916	2014-04-03 03:24:23	2014-07-26 01:52:55
http://sf.backpage.com/FemaleEscorts/outcall-415-738-2275-new-girl-classy-and-friendly-singapore-sexy-fanny-21/15597752	2014-04-03 03:24:24	2014-07-26 01:52:55
http://sf.backpage.com/FemaleEscorts/hands-down-im-the-best-therapist-around-hotbusty-avail-23/7939039	2014-04-03 03:24:24	2014-07-26 01:52:55
http://sf.backpage.com/FemaleEscorts/two-girl-specials-for-the-price-of-one-23/14449575	2014-04-03 03:24:24	2014-07-26 01:52:55
http://sf.backpage.com/FemaleEscorts/sexy-classy-elegant-companion-ready-to-fulfill-your-needs-24/14827437	2014-04-03 03:24:25	2014-07-26 01:52:55
http://sf.backpage.com/FemaleEscorts/outcalls-only-call-415-738-2314-korean-friendly-novia-22/15586321	2014-04-03 03:24:25	2014-07-26 01:52:55
http://sf.backpage.com/FemaleEscorts/nhng-lk-h-rs-cm-pu-m-sklls-2-th-s-25/14565670	2014-04-03 03:24:25	2014-07-26 01:52:55
http://sf.backpage.com/FemaleEscorts/i-want-to-xplore-ur-deepest-erotic-wishes-best-part-its-me-in-pics-23/15000604	2014-04-03 03:24:25	2014-07-26 01:52:55
http://sf.backpage.com/FemaleEscorts/gorgeous-black-beauty-your-dream-come-true-21/15554265	2014-04-03 03:24:25	2014-07-26 01:52:55
http://sf.backpage.com/FemaleEscorts/you-dont-know-what-satisfaction-is-until-you-meet-me-busty-asian-beauty-23/5573510	2014-04-03 03:24:25	2014-07-26 01:52:55
http://sf.backpage.com/FemaleEscorts/im-just-the-girl-u-looking-for-22/15585858	2014-04-03 03:24:25	2014-07-26 01:52:55
http://sf.backpage.com/FemaleEscorts/quench-your-thirst-with-a-refreshing-exotic-beautyall-naturalall-yours-24/10573300	2014-04-03 03:24:25	2014-07-26 01:52:55
http://sf.backpage.com/FemaleEscorts/classy-singapore-sexy-fanny-friendly-call-415-738-2275-today-21/15585118	2014-04-03 03:24:25	2014-07-26 01:52:55
http://sf.backpage.com/FemaleEscorts/outcall-only-sexy-korean-girl-rachel-415-738-2314-21/15585697	2014-04-03 03:24:26	2014-07-26 01:52:55
http://sf.backpage.com/FemaleEscorts/specials-fetishhotel-and-fun-friendly-the-1-girl-of-your-dreams-ready-to-please-23/15557278	2014-04-03 03:24:26	2014-07-26 01:52:55
http://sf.backpage.com/FemaleEscorts/fantasies-dreams-fetishes-23/15500318	2014-04-03 03:24:26	2014-07-26 01:52:55
http://sf.backpage.com/FemaleEscorts/right-to-your-doorstepexotic-dominican-playmate-23/15645073	2014-04-03 03:24:40	2014-07-26 01:52:59
http://sf.backpage.com/FemaleEscorts/outcall-415-738-2275-new-girl-classy-and-friendly-singapore-sexy-fanny-21/15645083	2014-04-03 03:26:22	2014-07-26 01:52:59
http://sf.backpage.com/FemaleEscorts/irresistible-petite-blonde-gorgeous-face-bangin-body-24/10028992	2014-04-03 03:26:32	2014-07-26 01:53:00
http://sf.backpage.com/FemaleEscorts/sweet-sexy-warm-curvy-sweetheart-24/15621817	2014-04-03 03:26:36	2014-07-26 01:53:01
http://sf.backpage.com/FemaleEscorts/diamond-is-a-mans-best-friend-25/15622129	2014-04-03 03:26:47	2014-07-26 01:53:04
http://sf.backpage.com/FemaleEscorts/sexy-shauna-here-doing-outcalls-sf-all-night-22/15622122	2014-04-03 03:26:49	2014-07-26 01:53:04
http://sf.backpage.com/FemaleEscorts/call-415-738-2275-today-classy-singapore-fanny-friendly-21/15622209	2014-04-03 03:26:52	2014-07-26 01:53:05
http://sf.backpage.com/FemaleEscorts/eritrean-beautiful-super-sexy-ready-now-24/15622415	2014-04-03 03:27:06	2014-07-26 01:53:08
http://sf.backpage.com/FemaleEscorts/sweety-baby-asian-rachel-call-415-738-2314-21/15622428	2014-04-03 03:27:08	2014-07-26 01:53:08
http://sf.backpage.com/FemaleEscorts/andhearts-your-new-addiction-andhearts-sweet-and-petite-tattooed-blonde-andhearts-24/9350416	2014-04-03 03:27:11	2014-07-26 01:53:09
http://sf.backpage.com/FemaleEscorts/outcall-only-andgtandgtandgtandgt-silm-taiwanese-girl-mimi-call-mimi-to-415-738-2275-20/15622585	2014-04-03 03:27:16	2014-07-26 01:53:10
http://sf.backpage.com/FemaleEscorts/wild-bombshell-i-want-you-to-enjoy-every-bit-i-have-to-offer-and-much-more-24/8674647	2014-04-03 03:27:20	2014-07-26 01:53:11
http://sf.backpage.com/FemaleEscorts/sexy-exotic-flexible-goddess-ready-to-please-21/15622710	2014-04-03 03:27:21	2014-07-26 01:53:11
http://sf.backpage.com/FemaleEscorts/call-415-738-2314-and-korean-friendly-novia-outcalls-only-22/15622749	2014-04-03 03:27:28	2014-07-26 01:53:12
http://sf.backpage.com/FemaleEscorts/beautiful-seductive-lets-play-asian-mix-23/15645176	2014-04-03 03:27:33	2014-07-26 01:53:13
http://sf.backpage.com/FemaleEscorts/tatted-blonde-stunner-classy-and-sassy-all-in-one-hott-package-24/15220525	2014-04-03 03:27:34	2014-07-26 01:53:13
http://sf.backpage.com/FemaleEscorts/fun-wildready-to-do-everything-she-wont-call-me-24/7601446	2014-04-03 03:27:35	2014-07-26 01:53:13
http://sf.backpage.com/FemaleEscorts/exotic-romanian-bombshellexotic-romanian-bombshel-24/15630860	2014-04-03 03:29:30	2014-07-26 01:53:15
http://sf.backpage.com/FemaleEscorts/new-in-town-sexy-blonde-sweet-and-country-bumpkin-incall-only-i-love-protein-20/15645197	2014-04-03 03:29:42	2014-07-26 01:53:17
http://sf.backpage.com/FemaleEscorts/miss-alaylah-_-_-exotic-ebony-barbie-21/15630810	2014-04-03 03:29:45	2014-07-26 01:53:18
http://sf.backpage.com/FemaleEscorts/upscale-fun-loving-college-girl-here-to-please-and-extremely-skilled-22/15645225	2014-04-03 03:30:07	2014-07-26 01:53:24
http://sf.backpage.com/FemaleEscorts/sexy-girl-next-door-27/15645241	2014-04-03 03:30:07	2014-07-26 01:53:24
http://sf.backpage.com/FemaleEscorts/sweet-kisses-and-many-hugs-with-a-sensual-touchlets-cuddle-all-day-or-night-22/11688144	2014-04-03 03:30:19	2014-07-26 01:53:33
http://sf.backpage.com/FemaleEscorts/lets-heat-thing-up-and-get-ready-to-take-a-wild-ride-24/13137403	2014-04-03 03:32:36	2014-07-26 01:53:45
http://sf.backpage.com/FemaleEscorts/michelle-exotic-mixxed-barbie-20/15623807	2014-04-03 03:32:37	2014-07-26 01:53:45
http://sf.backpage.com/FemaleEscorts/lovely-upscale-sexy-adorable-sweet-cuttie-yes-im-ready-for-you-21/15623935	2014-04-03 03:32:53	2014-07-26 01:53:53
http://sf.backpage.com/FemaleEscorts/new-babe-in-towncurvy-little-baby-4153775722-23/15624031	2014-04-03 03:32:58	2014-07-26 01:53:54
http://sf.backpage.com/FemaleEscorts/sexy-addictive-mouth-and-hips-s-to-kiss-and-cuddle-25/12803946	2014-04-03 03:33:01	2014-07-26 01:53:54
http://sf.backpage.com/FemaleEscorts/andhearts-your-favorite-blonde-andhearts-sweet-and-petite-busty-blonde-andhearts-24/6659312	2014-04-03 03:33:04	2014-07-26 01:53:55
http://sf.backpage.com/FemaleEscorts/the-east-indian-girl-of-your-dreams-28/6012047	2014-04-03 03:35:29	2014-07-26 01:54:07
http://sf.backpage.com/FemaleEscorts/all-american-sophisticated-educated-upscale-italian-4-a-gentleman-28/15625481	2014-04-03 03:35:35	2014-07-26 01:54:08
http://sf.backpage.com/FemaleEscorts/delicious-chocolate-treat-22/15625579	2014-04-03 03:35:50	2014-07-26 01:54:11
http://sf.backpage.com/FemaleEscorts/hello-gentlemen-sexy-chocolate-here-come-and-taste-23/15625746	2014-04-03 03:35:53	2014-07-26 01:54:11
http://sf.backpage.com/FemaleEscorts/im-a-fit-flexible-pleasure-instructor-ready-to-take-my-classit-gets-pretty-hott-23/15125461	2014-04-03 03:36:00	2014-07-26 01:54:13
http://sf.backpage.com/FemaleEscorts/gnmns-choc-m-scs-n-23/15120439	2014-04-03 03:36:38	2014-07-26 01:54:22
http://sf.backpage.com/FemaleEscorts/freaky-blonde-southernbell-available-up-all-night-outcall-only-120hhr-23/13921409	2014-04-03 03:36:39	2014-07-26 01:54:22
http://sf.backpage.com/FemaleEscorts/energetic-loving-lets-play-monica-foxx-19/13944012	2014-04-03 03:36:41	2014-07-26 01:54:23
http://sf.backpage.com/FemaleEscorts/sexy-petite-treat-carmelious-goddess-18/15626791	2014-04-03 03:38:27	2014-07-26 01:54:25
http://sf.backpage.com/FemaleEscorts/sexy-goddess-beautiful-curves-green-hazel-eyes-hot-specials-20/11565663	2014-04-03 03:38:28	2014-07-26 01:54:25
http://sf.backpage.com/FemaleEscorts/classy-singapore-sexy-fanny-friendly-call-415-738-2275-today-21/15626932	2014-04-03 03:38:31	2014-07-26 01:54:26
http://sf.backpage.com/FemaleEscorts/100-fun-100-satisfying-best-way-to-make-you-feel-good-24/8195923	2014-04-03 03:38:42	2014-07-26 01:54:28
http://sf.backpage.com/FemaleEscorts/spankin-new-bl-nde-b-mbshell-ready-2-make-u-mine-2night-20/15627029	2014-04-03 03:38:44	2014-07-26 01:54:29
http://sf.backpage.com/FemaleEscorts/outcall-only-sexy-korean-girl-rachel-415-738-2314-21/15627167	2014-04-03 03:38:49	2014-07-26 01:54:30
http://sf.backpage.com/FemaleEscorts/52-petite-stunner-top-of-the-line-green-eyed-beauty-reviewed-hottie-24/15222209	2014-04-03 03:39:02	2014-07-26 01:54:33
http://sf.backpage.com/FemaleEscorts/outcalls-only-call-415-738-2314-korean-friendly-novia-22/15627589	2014-04-03 03:39:04	2014-07-26 01:54:34
http://sf.backpage.com/FemaleEscorts/w-havn-bu-nughy-hll-wiing-4-u-25/11383241	2014-04-03 03:39:06	2014-07-26 01:54:34
http://sf.backpage.com/FemaleEscorts/madison-hill-visiting-sf-union-square-from-la-20/15628517	2014-04-03 03:42:18	2014-07-26 01:55:01
http://sf.backpage.com/FemaleEscorts/call-415-738-2314-outcalls-only-korean-sexy-body-novia-22/15645670	2014-04-03 03:42:28	2014-07-26 01:55:04
http://sf.backpage.com/FemaleEscorts/l-k-now-skiilled-sexy-exotiic-httiie-22/15249141	2014-04-03 03:42:47	2014-07-26 01:55:09
http://sf.backpage.com/FemaleEscorts/bubble-butt-britney-visiting-from-vegasexotic-and-gorgeous-britney-26/12904616	2014-04-03 03:45:20	2014-07-26 01:55:20
http://sf.backpage.com/FemaleEscorts/bubble-butt-britney-visiting-from-vegas-exotic-and-gorgeous-britney-26/12904616	2014-04-03 03:45:29	2014-07-26 01:55:22
http://sf.backpage.com/FemaleEscorts/the-finnest-hotest-latina-girl-im-real-guarantee-visiting-26/14553546	2014-04-03 03:45:44	2014-07-26 01:55:24
http://sf.backpage.com/FemaleEscorts/college-girl-visting-sexxy-goddess-19/15644404	2014-04-03 03:45:50	2014-07-26 01:55:25
http://sf.backpage.com/FemaleEscorts/sexy-blonde-bombshell-awaits-you-23/15648072	2014-04-03 03:47:44	2014-07-26 01:55:29
http://sf.backpage.com/FemaleEscorts/new-in-town-sexy-blonde-sweet-and-country-bumpkin-incall-only-i-love-protein-20/15648456	2014-04-03 03:48:01	2014-07-26 01:55:32
http://sf.backpage.com/FemaleEscorts/beautiful-upscale-blonde-visiting-21/10612491	2014-04-03 03:48:24	2014-07-26 01:55:35
http://sf.backpage.com/FemaleEscorts/i-give-pleasure-like-no-other-21/11198669	2014-04-03 03:48:27	2014-07-26 01:55:36
http://sf.backpage.com/FemaleEscorts/new-in-town-sexy-blonde-sweet-and-country-bumpkin-incall-only-20/15649252	2014-04-03 03:48:45	2014-07-26 01:55:38
http://sf.backpage.com/FemaleEscorts/dont-miss-out-san-francisco-22/15649549	2014-04-03 03:48:51	2014-07-26 01:55:40
http://sf.backpage.com/FemaleEscorts/one-of-a-kind-sxy-ptit-blond-available-247-8083498946-23/13481520	2014-04-03 03:49:09	2014-07-26 01:55:42
http://sf.backpage.com/FemaleEscorts/exotic-jamaican-hottie-with-a-bomb-body-and-big-booty-ready-for-fun-22/15650022	2014-04-03 03:50:25	2014-07-26 01:55:43
http://sf.backpage.com/FemaleEscorts/where-you-want-to-be-is-with-me-dont-miss-out-21/15650148	2014-04-03 03:50:27	2014-07-26 01:55:43
http://sf.backpage.com/FemaleEscorts/call-415-738-2275-today-classy-singapore-fanny-friendly-21/15650198	2014-04-03 03:50:40	2014-07-26 01:55:44
http://sf.backpage.com/FemaleEscorts/sweety-baby-asian-rachel-call-415-738-2314-21/15650428	2014-04-03 03:50:44	2014-07-26 01:55:45
http://sf.backpage.com/FemaleEscorts/i-masage-w-lips-hips-and-fingertips-the-best-has-just-arrived-22/14232241	2014-04-03 03:50:46	2014-07-26 01:55:45
http://sf.backpage.com/FemaleEscorts/100-real-pics-hot-young-and-ready-blonde-bombshell-100-special-up-late-22/15555346	2014-04-03 03:50:46	2014-07-26 01:55:45
http://sf.backpage.com/FemaleEscorts/outcall-only-andgtandgtandgtandgt-silm-taiwanese-girl-mimi-call-mimi-to-415-738-2275-20/15650569	2014-04-03 03:50:48	2014-07-26 01:55:45
http://sf.backpage.com/FemaleEscorts/new-in-town-all-day-special-call-me-24/15650570	2014-04-03 03:50:48	2014-07-26 01:55:45
http://sf.backpage.com/FemaleEscorts/petite-middle-eastern-check-me-out-18/15650583	2014-04-03 03:50:49	2014-07-26 01:55:46
http://sf.backpage.com/FemaleEscorts/sexy-exotic-chick-all-day-specials-420-friendly-21/15650614	2014-04-03 03:50:49	2014-07-26 01:55:46
http://sf.backpage.com/FemaleEscorts/call-415-738-2314-korean-friendly-novia-outcalls-only-and-22/15650682	2014-04-03 03:50:51	2014-07-26 01:55:46
http://sf.backpage.com/FemaleEscorts/young-brazilian-playmate-100-real-pics-19/15650904	2014-04-03 03:50:54	2014-07-26 01:55:46
http://sf.backpage.com/FemaleEscorts/southern-girl-loves-to-give-more-fun-than-you-can-imagine-24/9151705	2014-04-03 03:51:41	2014-07-26 01:55:53
http://sf.backpage.com/FemaleEscorts/gentlemen-it-jest-got-better-for-you-here-sexy-latina-female-21/15651914	2014-04-03 03:52:13	2014-07-26 01:55:58
http://sf.backpage.com/FemaleEscorts/sexy-beautiful-mixed-breed-36d-27/15652119	2014-04-03 03:53:24	2014-07-26 01:55:58
http://sf.backpage.com/FemaleEscorts/classy-and-hot-asian-mix-discreet-independent-22/15652928	2014-04-03 03:53:46	2014-07-26 01:56:01
http://sf.backpage.com/FemaleEscorts/sexy-petite-busty-blonde-hair-blue-eyed-country-bumpkin-incall-only-20/15653230	2014-04-03 03:54:06	2014-07-26 01:56:04
http://sf.backpage.com/FemaleEscorts/gorgeous-sweet-hot-and-10-steps-above-the-rest-hot-summer-specials-avail-now-22/13826462	2014-04-03 06:26:36	2014-07-26 02:07:23
http://sf.backpage.com/FemaleEscorts/friday-fun-day-35/15654229	2014-04-03 07:09:40	2014-07-26 02:12:45
